pocket_id,probability,residue_count,residue_indices,pocket_file
2,0.2060280591249466,11,"['88', '89', '90', '91', '106', '111', '122', '123', '124', '125', '130']",/home/c00jsw00/allosteric_inhibitor/deepallo/ns2ns3_out/pockets/pocket2_atm.pdb
7,0.12794001400470734,10,"['90', '91', '92', '101', '117', '118', '119', '121', '122', '123']",/home/c00jsw00/allosteric_inhibitor/deepallo/ns2ns3_out/pockets/pocket7_atm.pdb
8,0.12659141421318054,11,"['85', '86', '87', '105', '106', '107', '163', '203', '205', '209', '211']",/home/c00jsw00/allosteric_inhibitor/deepallo/ns2ns3_out/pockets/pocket8_atm.pdb
5,0.11184284090995789,10,"['190', '191', '193', '195', '196', '197', '200', '215', '216', '217']",/home/c00jsw00/allosteric_inhibitor/deepallo/ns2ns3_out/pockets/pocket5_atm.pdb
4,0.071338951587677,15,"['138', '139', '141', '148', '150', '152', '185', '188', '211', '212', '213', '214', '217', '218', '220']",/home/c00jsw00/allosteric_inhibitor/deepallo/ns2ns3_out/pockets/pocket4_atm.pdb
9,0.05982596054673195,7,"['115', '120', '132', '133', '134', '135', '142']",/home/c00jsw00/allosteric_inhibitor/deepallo/ns2ns3_out/pockets/pocket9_atm.pdb
3,0.05960328131914139,10,"['89', '91', '94', '98', '99', '100', '167', '168', '169', '170']",/home/c00jsw00/allosteric_inhibitor/deepallo/ns2ns3_out/pockets/pocket3_atm.pdb
1,0.05899803340435028,11,"['157', '158', '159', '160', '161', '175', '177', '205', '206', '207', '209']",/home/c00jsw00/allosteric_inhibitor/deepallo/ns2ns3_out/pockets/pocket1_atm.pdb
10,0.030580176040530205,9,"['154', '156', '157', '177', '178', '179', '180', '187', '221']",/home/c00jsw00/allosteric_inhibitor/deepallo/ns2ns3_out/pockets/pocket10_atm.pdb
6,0.011041750200092793,8,"['153', '154', '155', '158', '159', '206', '207', '208']",/home/c00jsw00/allosteric_inhibitor/deepallo/ns2ns3_out/pockets/pocket6_atm.pdb
11,0.006024292204529047,7,"['107', '108', '150', '151', '152', '210', '211']",/home/c00jsw00/allosteric_inhibitor/deepallo/ns2ns3_out/pockets/pocket11_atm.pdb
